{"cameraMode":{"drawMode":0,"name":"Shaded","section":"Shading Mode"},"sceneLighting":true,"audioPlay":false,"sceneViewState":{"showFog":true,"showMaterialUpdate":false,"showSkybox":true,"showFlares":true,"showImageEffects":true,"showParticleSystems":true},"in2DMode":false,"pivot":{"x":-5.219902992248535,"y":0.009898356162011624,"z":-10.789999961853028},"rotation":{"x":-0.5046607255935669,"y":0.06050192937254906,"z":-0.03548598662018776,"w":-0.8605151772499085},"size":915.8234252929688,"orthographic":false}